City_ID,City,Country,Lat,Lng,Max Temp,Humidity,Cloudiness,Wind Speed,Current Description
0,Albany,US,42.6001,-73.9662,61.29,64,3,9.33,clear sky
1,Mar Del Plata,AR,-38.0023,-57.5575,62.62,63,0,7.0,clear sky
2,Rikitea,PF,-23.1203,-134.9692,72.73,73,4,18.75,clear sky
3,Georgetown,MY,5.4112,100.3354,82.33,85,40,1.01,scattered clouds
4,Clyde River,CA,70.4692,-68.5914,39.43,81,75,6.91,broken clouds
5,Punta Arenas,CL,-53.15,-70.9167,42.91,70,75,16.11,broken clouds
6,Kapaa,US,22.0752,-159.319,71.92,95,40,5.75,light rain
7,Baker City,US,44.7749,-117.8344,55.65,77,75,0.0,broken clouds
8,Butaritari,KI,3.0707,172.7902,80.8,77,100,10.92,overcast clouds
9,Port Alfred,ZA,-33.5906,26.891,66.11,82,52,17.67,broken clouds
10,Kollam,IN,8.8833,76.6,80.47,86,100,5.68,overcast clouds
11,Mataura,NZ,-46.1927,168.8643,46.47,98,99,2.53,light rain
12,Esperance,AU,-33.8667,121.9,58.84,86,86,18.43,overcast clouds
13,Srednekolymsk,RU,67.45,153.6833,21.94,72,100,9.37,overcast clouds
14,Busselton,AU,-33.65,115.3333,48.09,83,46,12.15,scattered clouds
15,Hobart,AU,-42.8794,147.3294,56.26,96,90,6.91,light rain
16,Maloy,NO,61.9353,5.1136,59.47,69,92,1.01,overcast clouds
17,Cairns,AU,-16.9167,145.7667,75.15,86,40,4.61,scattered clouds
18,Port Elizabeth,ZA,-33.918,25.5701,62.89,88,40,6.91,scattered clouds
19,Hermanus,ZA,-34.4187,19.2345,63.9,81,100,9.62,overcast clouds
20,Barrow,US,71.2906,-156.7887,30.22,86,90,20.71,light snow
21,Upernavik,GL,72.7868,-56.1549,35.08,69,95,23.98,overcast clouds
22,San Lawrenz,MT,36.0553,14.204,77.86,71,100,3.0,overcast clouds
23,Chuy,UY,-33.6971,-53.4616,66.63,70,30,13.47,scattered clouds
24,Vaini,TO,-21.2,-175.2,71.76,100,40,8.05,scattered clouds
25,Caicedo,CO,6.4051,-75.9826,72.73,61,59,3.65,broken clouds
26,Morondava,MG,-20.2833,44.2833,78.06,80,5,8.12,clear sky
27,Baiyin,CN,36.5583,104.2081,54.48,44,0,5.88,clear sky
28,Khatanga,RU,71.9667,102.5,27.39,98,99,1.83,overcast clouds
29,Ushuaia,AR,-54.8,-68.3,38.82,81,90,17.27,light intensity drizzle
30,Klaksvik,FO,62.2266,-6.589,52.72,87,36,16.53,scattered clouds
31,Castro,BR,-24.7911,-50.0119,76.62,59,97,6.15,heavy intensity rain
32,Cape Town,ZA,-33.9258,18.4232,65.1,63,40,24.16,scattered clouds
33,Saldanha,ZA,-33.0117,17.9442,62.65,80,1,29.55,clear sky
34,Ngama,TD,11.7833,17.1667,97.68,25,96,4.41,overcast clouds
35,Avarua,CK,-21.2078,-159.775,73.45,88,20,4.61,few clouds
36,Nikolskoye,RU,59.7035,30.7861,53.87,74,99,4.03,overcast clouds
37,Flin Flon,CA,54.7682,-101.865,55.24,67,20,9.22,few clouds
38,Portmore,JM,17.9702,-76.8672,87.96,66,20,6.91,few clouds
39,Sao Miguel Do Araguaia,BR,-13.275,-50.1628,101.21,26,8,3.06,clear sky
40,Te Anau,NZ,-45.4167,167.7167,41.72,91,100,1.63,light rain
41,Arraial Do Cabo,BR,-22.9661,-42.0278,75.16,78,75,24.16,broken clouds
42,Bambous Virieux,MU,-20.3428,57.7575,73.65,73,75,11.5,broken clouds
43,Broome,US,42.2506,-75.833,60.06,67,1,3.0,clear sky
44,Gizo,SB,-8.103,156.8419,81.73,76,100,2.51,overcast clouds
45,Cerignola,IT,41.264,15.9005,81.82,53,1,10.71,clear sky
46,Carnarvon,AU,-24.8667,113.6333,64.47,63,40,19.57,scattered clouds
47,Chapais,CA,49.7834,-74.8492,49.78,54,6,7.29,clear sky
48,Puerto Ayora,EC,-0.7393,-90.3518,73.36,84,91,9.1,overcast clouds
49,Kolda,SN,12.8833,-14.95,91.2,57,60,3.33,broken clouds
50,Andenes,NO,69.3143,16.1194,49.98,66,0,11.5,clear sky
51,Atuona,PF,-9.8,-139.0333,77.9,72,64,21.05,broken clouds
52,Xiaoweizhai,CN,26.1903,107.5125,73.69,81,96,3.24,light rain
53,Kotel,BG,42.8833,26.45,58.55,49,100,8.14,overcast clouds
54,Olafsvik,IS,64.8945,-23.7142,44.24,88,100,31.52,overcast clouds
55,Ucluelet,CA,48.9329,-125.5528,49.05,92,40,3.4,scattered clouds
56,Tarana,IN,23.3333,76.0333,77.74,83,99,1.21,overcast clouds
57,Milicz,PL,51.5277,17.2714,65.95,43,100,7.72,overcast clouds
58,Codrington,AU,-38.2667,141.9667,54.75,90,96,9.48,overcast clouds
59,Arlit,NE,18.7369,7.3853,100.11,8,0,15.32,clear sky
60,Gulu,UG,2.7746,32.299,68.56,90,100,5.39,light rain
61,Kendari,ID,-3.945,122.4989,75.7,89,100,3.02,light rain
62,Norman Wells,CA,65.282,-126.8329,32.04,93,75,3.44,broken clouds
63,Yaroslavl,RU,57.6299,39.8737,44.4,76,90,6.71,overcast clouds
64,Saint-Pierre,RE,-21.3393,55.4781,73.29,72,75,6.91,broken clouds
65,Bredasdorp,ZA,-34.5322,20.0403,57.27,84,99,8.77,overcast clouds
66,Tolentino,IT,43.2126,13.2901,78.66,61,8,8.21,clear sky
67,Chichi,NG,7.2721,8.9332,83.35,69,97,7.23,overcast clouds
68,Dikson,RU,73.5069,80.5464,31.84,75,100,19.55,overcast clouds
69,Smithers,CA,54.7804,-127.1743,37.72,87,90,0.0,overcast clouds
70,Geraldton,AU,-28.7667,114.6,61.21,67,75,14.97,broken clouds
71,Nara,JP,34.6851,135.8049,73.26,56,100,12.71,overcast clouds
72,Nouakchott,MR,18.0858,-15.9785,85.93,66,3,11.36,clear sky
73,Ust-Nera,RU,64.5667,143.2,27.41,96,100,3.89,overcast clouds
74,Koster,ZA,-25.863,26.8976,67.89,51,77,15.88,broken clouds
75,Belmonte,BR,-15.8631,-38.8828,84.2,60,5,9.13,clear sky
76,Tasiilaq,GL,65.6145,-37.6368,42.96,54,16,8.32,few clouds
77,Hilo,US,19.7297,-155.09,72.81,88,1,5.75,clear sky
78,Coquimbo,CL,-29.9533,-71.3436,60.53,72,0,12.66,clear sky
79,Yarim,YE,14.298,44.3779,63.81,58,100,5.61,overcast clouds
80,Saint George,US,37.1041,-113.5841,63.07,35,1,1.01,clear sky
81,Sabang,ID,5.8933,95.3214,81.32,71,100,6.91,overcast clouds
82,Cabo San Lucas,MX,22.8909,-109.9124,80.91,73,1,0.0,clear sky
83,Alugan,PH,12.2188,125.4808,78.37,85,100,3.8,overcast clouds
84,Podyuga,RU,61.095,40.8647,45.21,90,100,3.06,overcast clouds
85,Saint-Philippe,RE,-21.3585,55.7679,73.22,75,34,11.83,scattered clouds
86,Victoria,HK,22.2855,114.1577,86.22,81,2,1.01,light rain
87,Touros,BR,-5.1989,-35.4608,86.9,59,0,16.51,clear sky
88,Grindavik,IS,63.8424,-22.4338,49.95,81,0,18.41,clear sky
89,Tuktoyaktuk,CA,69.4541,-133.0374,32.0,93,90,9.22,overcast clouds
90,Meulaboh,ID,4.1363,96.1285,75.65,84,100,4.54,overcast clouds
91,Hithadhoo,MV,-0.6,73.0833,82.96,68,12,7.49,few clouds
92,Tanete,ID,-3.9443,119.7848,75.51,93,63,2.53,broken clouds
93,Hasaki,JP,35.7333,140.8333,66.6,84,100,30.58,overcast clouds
94,Port Lincoln,AU,-34.7333,135.8667,53.38,87,34,8.55,scattered clouds
95,Beringovskiy,RU,63.05,179.3167,23.14,80,17,10.02,few clouds
96,Jamestown,US,42.097,-79.2353,62.02,72,40,1.01,scattered clouds
97,Saint-Augustin,CA,51.226,-58.6502,45.18,91,100,22.95,overcast clouds
98,Severo-Kurilsk,RU,50.6789,156.125,49.8,96,100,14.74,overcast clouds
99,Tiksi,RU,71.6872,128.8694,28.54,79,64,5.14,broken clouds
100,Qaanaaq,GL,77.484,-69.3632,29.55,96,100,11.61,overcast clouds
101,Bethel,US,41.3712,-73.414,63.64,69,1,11.5,clear sky
102,Centralia,US,46.7162,-122.9543,53.65,84,90,0.0,overcast clouds
103,Bemidji,US,47.4736,-94.8803,67.37,99,90,0.0,overcast clouds
104,Cayenne,GF,4.9333,-52.3333,89.64,71,40,5.01,scattered clouds
105,Tuy Hoa,VN,13.0833,109.3,78.35,88,46,2.01,scattered clouds
106,Yeppoon,AU,-23.1333,150.7333,69.58,93,19,3.89,few clouds
107,Punta Alta,AR,-38.8759,-62.0736,61.61,33,0,5.66,clear sky
108,Vaitape,PF,-16.5167,-151.75,79.03,69,72,17.36,broken clouds
109,Lubango,AO,-14.9172,13.4925,82.26,4,0,13.8,clear sky
110,Itarema,BR,-2.9248,-39.9167,88.57,54,27,18.61,scattered clouds
111,Dalianwan,CN,39.0286,121.695,61.74,67,0,2.24,light rain
112,Farafangana,MG,-22.8167,47.8333,73.9,77,0,15.37,clear sky
113,East London,ZA,-33.0153,27.9116,67.14,88,20,17.27,light rain
114,Fortuna,US,40.5982,-124.1573,56.86,69,67,3.74,broken clouds
115,Berdigestyakh,RU,62.0989,126.6992,30.31,69,100,5.91,overcast clouds
116,Wanning,CN,18.8003,110.3967,78.87,76,2,3.53,clear sky
117,Nanortalik,GL,60.1432,-45.2371,42.12,47,0,5.88,clear sky
118,Marsta,SE,59.6216,17.8548,56.89,78,75,19.57,broken clouds
119,Gat,IL,31.61,34.7642,80.4,100,0,13.53,clear sky
120,Bengkulu,ID,-3.8004,102.2655,77.41,87,100,4.32,overcast clouds
121,Bluff,NZ,-46.6,168.3333,46.8,82,100,17.13,overcast clouds
122,Kaitangata,NZ,-46.2817,169.8464,49.93,72,100,6.85,overcast clouds
123,Ponta Do Sol,PT,32.6667,-17.1,78.12,64,4,4.29,clear sky
124,Mahibadhoo,MV,3.7833,72.9667,82.92,74,98,12.28,overcast clouds
125,Ca Mau,VN,9.1769,105.15,78.75,91,90,3.78,overcast clouds
126,Berlevag,NO,70.8578,29.0864,48.2,67,52,17.67,broken clouds
127,Lompoc,US,34.6391,-120.4579,69.51,71,20,0.0,fog
128,Basco,PH,20.4487,121.9702,83.66,76,34,13.42,scattered clouds
129,Balkhash,KZ,46.844,74.9804,44.15,50,52,14.72,broken clouds
130,Colares,PT,38.7992,-9.4469,78.48,58,20,17.27,few clouds
131,Thompson,CA,55.7435,-97.8558,51.96,76,20,2.3,few clouds
132,Tumaco,CO,1.7986,-78.8156,78.49,81,96,6.49,light rain
133,Noumea,NC,-22.2763,166.4572,73.38,85,97,9.78,overcast clouds
134,Kaberamaido,UG,1.7389,33.1594,76.33,69,100,1.52,overcast clouds
135,Saint Anthony,US,45.0205,-93.218,71.96,82,90,1.01,overcast clouds
136,Slidell,US,30.2752,-89.7812,84.31,79,75,4.0,broken clouds
137,Hami,CN,42.8,93.45,67.93,32,71,20.51,broken clouds
138,Ribeira Grande,PT,38.5167,-28.7,77.4,78,40,10.36,scattered clouds
139,Yellowknife,CA,62.456,-114.3525,46.42,100,90,3.44,mist
140,Sambava,MG,-14.2667,50.1667,74.19,77,7,10.94,clear sky
141,Bichura,RU,50.5881,107.6022,36.84,66,76,3.47,broken clouds
142,Norfolk,US,42.1668,-71.2495,65.3,63,1,1.01,clear sky
143,Cody,US,44.5263,-109.0565,56.25,33,1,0.0,clear sky
144,Portland,US,45.5234,-122.6762,54.45,95,90,1.01,mist
145,Alihe,CN,50.5667,123.7167,32.31,83,80,1.59,broken clouds
146,Holme,DK,56.1138,10.1725,58.57,79,100,18.9,overcast clouds
147,Mao,ES,39.8885,4.2658,73.96,73,75,5.75,broken clouds
148,Aklavik,CA,68.2191,-135.0107,32.72,97,97,1.97,overcast clouds
149,Knysna,ZA,-34.0363,23.0471,62.98,88,82,4.88,light rain
150,Marienburg,PL,54.0359,19.0266,60.89,43,32,10.13,scattered clouds
151,Loukhi,RU,66.0764,33.0381,46.04,60,100,6.91,overcast clouds
152,Libreville,GA,0.3925,9.4537,78.82,83,75,6.91,moderate rain
153,Guasdualito,VE,7.2424,-70.7324,85.96,63,99,2.28,overcast clouds
154,Atambua,ID,-9.1061,124.8925,73.99,81,41,1.01,scattered clouds
155,Kuytun,RU,54.3419,101.5036,37.24,68,100,4.21,overcast clouds
156,Itoman,JP,26.1247,127.6694,80.62,78,20,9.22,few clouds
157,Picayune,US,30.5255,-89.6795,84.09,80,41,6.78,scattered clouds
158,Harper,LR,4.375,-7.7169,81.54,75,57,8.77,broken clouds
159,Pahrump,US,36.2083,-115.9839,67.17,18,0,1.57,clear sky
160,Ancud,CL,-41.8697,-73.8203,49.53,95,100,23.24,moderate rain
161,Bulancak,TR,40.9372,38.2291,60.62,77,75,3.44,broken clouds
162,Cidreira,BR,-30.1811,-50.2056,70.03,87,100,8.81,overcast clouds
163,San Policarpo,PH,12.1791,125.5072,78.76,85,100,3.87,overcast clouds
164,Lokot,RU,52.565,34.5776,48.65,71,5,3.65,clear sky
165,Conde,BR,-7.2597,-34.9075,85.46,62,40,11.5,scattered clouds
166,Qui Nhon,VN,13.7667,109.2333,79.5,85,44,3.06,scattered clouds
167,Santa Isabel Do Rio Negro,BR,-0.4139,-65.0192,90.21,56,100,2.68,overcast clouds
168,Muskegon,US,43.3,-86.1334,71.82,61,1,5.75,clear sky
169,Vostok,RU,46.4856,135.8833,37.58,80,6,2.59,clear sky
170,Havoysund,NO,70.9963,24.6622,49.08,68,85,26.8,overcast clouds
171,Mwinilunga,ZM,-11.7358,24.4293,80.24,35,99,5.21,overcast clouds
172,Taseyevo,RU,57.2169,94.8978,37.72,92,100,7.52,overcast clouds
173,Bathsheba,BB,13.2167,-59.5167,90.21,62,20,21.85,few clouds
174,Lingao,CN,19.9103,109.6859,79.54,76,1,7.67,light rain
175,Negombo,LK,7.2083,79.8358,73.45,88,75,2.3,light intensity shower rain
176,Santa Maria,BR,-29.6842,-53.8069,70.9,88,75,6.91,broken clouds
177,Sept-Iles,CA,50.2001,-66.3821,50.05,95,90,8.99,light intensity drizzle
178,Zunyi,CN,27.6867,106.9072,75.88,67,98,3.18,overcast clouds
179,Nalut,LY,30.3333,10.85,83.84,23,0,10.87,clear sky
180,Tautira,PF,-17.7333,-149.15,73.42,76,17,17.74,light rain
181,Eureka,US,40.8021,-124.1637,57.13,94,38,3.78,scattered clouds
182,Aguimes,ES,27.9054,-15.4461,80.65,74,20,27.63,few clouds
183,Namibe,AO,-15.1961,12.1522,70.43,68,20,11.5,few clouds
184,Provideniya,RU,64.3833,-173.3,23.23,83,18,8.95,few clouds
185,Haines Junction,CA,60.7522,-137.5108,33.75,93,100,3.44,moderate rain
186,Changuinola,PA,9.4333,-82.5167,84.33,66,3,2.95,clear sky
187,Pouembout,NC,-21.1333,164.9,71.6,85,96,4.61,light rain
188,Huarmey,PE,-10.0681,-78.1522,68.63,77,30,9.66,scattered clouds
189,Bonthe,SL,7.5264,-12.505,83.79,72,83,9.08,light rain
190,Longyearbyen,SJ,78.2186,15.6401,37.24,81,75,5.75,broken clouds
191,Souillac,MU,-20.5167,57.5167,73.78,73,75,11.5,broken clouds
192,Sabha,LY,27.0377,14.4283,85.57,26,0,10.54,clear sky
193,Lebu,CL,-37.6167,-73.65,55.31,73,97,14.52,overcast clouds
194,Chokurdakh,RU,70.6333,147.9167,9.37,93,15,6.24,few clouds
195,Cravo Norte,CO,6.3017,-70.2041,85.84,60,100,4.5,overcast clouds
196,Manitouwadge,CA,49.1215,-85.8403,60.58,82,100,5.82,overcast clouds
197,Mopipi,BW,-21.1833,24.8833,91.71,20,79,6.26,light rain
198,Kavieng,PG,-2.5744,150.7967,82.35,69,98,6.87,overcast clouds
199,Kongoussi,BF,13.3258,-1.5347,98.47,28,34,10.76,scattered clouds
200,Kiama,AU,-34.6833,150.8667,58.48,86,61,4.38,broken clouds
201,Quatre Cocos,MU,-20.2078,57.7625,73.51,65,92,12.73,overcast clouds
202,Lata,PT,40.1629,-8.3327,76.35,42,100,9.13,overcast clouds
203,Abashiri,JP,44.0213,144.2697,62.94,92,100,11.95,overcast clouds
204,Fukue,JP,32.6881,128.8419,74.98,72,0,12.57,clear sky
205,Dwarka,IN,22.2394,68.9678,81.93,83,99,12.19,overcast clouds
206,Camana,PE,-16.6228,-72.7111,67.35,72,47,10.76,scattered clouds
207,Goderich,CA,43.7501,-81.7165,63.03,72,7,4.61,clear sky
208,Karakol,KG,42.4907,78.3936,46.9,79,70,4.81,broken clouds
209,Kavaratti,IN,10.5669,72.642,82.31,80,29,14.07,scattered clouds
210,Vardo,NO,70.3705,31.1107,46.15,65,95,17.81,overcast clouds
211,Ahuimanu,US,21.4447,-157.8378,76.71,75,75,13.8,broken clouds
212,Camacari,BR,-12.6975,-38.3242,82.17,55,65,8.63,broken clouds
213,Gushikawa,JP,26.3544,127.8686,79.83,88,1,0.0,clear sky
214,Ust-Charyshskaya Pristan,RU,52.3934,83.6635,38.73,85,99,10.76,overcast clouds
215,Charlestown,AU,-32.95,151.6667,59.41,91,66,1.99,broken clouds
216,Mocuba,MZ,-16.8392,36.9856,84.38,44,45,11.81,scattered clouds
217,Chumikan,RU,54.7183,135.315,41.54,70,29,21.92,scattered clouds
218,Pevek,RU,69.7008,170.3133,19.83,91,46,9.17,scattered clouds
219,Port Blair,IN,11.6667,92.75,81.34,82,23,11.45,few clouds
220,Maturin,VE,9.75,-63.1767,87.75,61,66,7.0,broken clouds
221,Rawson,AR,-43.3002,-65.1023,56.25,27,26,6.8,scattered clouds
222,Disna,BY,55.568,28.1971,51.48,70,14,6.53,few clouds
223,Kanata,CA,45.3159,-75.8985,58.59,81,20,4.0,few clouds
224,Mackay,AU,-21.15,149.2,70.05,94,95,4.61,overcast clouds
225,Oranjemund,NA,-28.55,16.4333,61.56,75,8,13.6,clear sky
226,Mount Gambier,AU,-37.8333,140.7667,53.51,100,90,10.36,overcast clouds
227,Hit,IQ,33.6416,42.8251,89.26,19,0,6.4,clear sky
228,Zhigansk,RU,66.7697,123.3711,31.1,70,8,10.78,clear sky
229,Micomeseng,GQ,2.1462,10.6164,72.0,96,100,3.22,light rain
230,Svetlaya,RU,46.5389,138.3297,50.43,72,71,5.59,broken clouds
231,Salar,ES,37.1499,-4.0191,84.69,29,92,10.11,overcast clouds
232,Airai,TL,-8.9266,125.4092,61.23,77,84,1.12,broken clouds
233,Carutapera,BR,-1.195,-46.02,85.35,65,77,7.81,broken clouds
234,Novyy Buh,UA,47.6931,32.5216,57.42,37,7,8.93,clear sky
235,Le Port,RE,-20.9373,55.2919,73.62,77,49,3.62,scattered clouds
236,Sitka,US,57.0531,-135.33,49.89,81,90,14.97,moderate rain
237,Ilulissat,GL,69.2167,-51.1,33.82,40,40,9.22,scattered clouds
238,Mutoko,ZW,-17.397,32.2268,79.56,27,0,10.67,clear sky
239,Egvekinot,RU,66.3167,-179.1667,12.94,73,22,10.18,few clouds
240,Ko Samui,TH,9.5357,99.9357,84.54,71,18,6.29,few clouds
241,Takoradi,GH,4.8845,-1.7554,77.56,85,100,5.55,overcast clouds
242,Maroantsetra,MG,-15.4333,49.7333,73.27,81,54,10.09,light rain
243,Santa Vitoria Do Palmar,BR,-33.5189,-53.3681,66.92,71,60,12.8,broken clouds
244,Khoy,IR,38.5504,44.9535,62.82,49,42,5.01,scattered clouds
245,Lavrentiya,RU,65.5833,-171.0,25.97,85,76,10.51,broken clouds
246,Mananjary,MG,-21.2167,48.3333,74.17,73,0,12.03,clear sky
247,Oktyabrskoye,RU,43.0645,44.7417,44.74,93,90,6.71,overcast clouds
248,San Quintin,MX,30.4833,-115.95,71.62,66,0,3.8,clear sky
249,Kyabram,AU,-36.3167,145.05,53.87,95,100,4.52,overcast clouds
250,Talaya,RU,61.3833,152.75,28.33,95,100,1.66,overcast clouds
251,Hobyo,SO,5.3505,48.5268,79.63,82,13,20.85,few clouds
252,Labuan,MY,5.2767,115.2417,77.36,88,40,1.14,scattered clouds
253,Ajaccio,FR,42.0,8.9167,73.89,61,20,8.05,few clouds
254,Shagonar,RU,51.5333,92.8,43.48,68,100,9.57,overcast clouds
255,Nelson Bay,AU,-32.7167,152.15,57.99,93,99,7.65,overcast clouds
256,Lorengau,PG,-2.0226,147.2712,78.51,79,100,4.88,overcast clouds
257,Cherskiy,RU,68.75,161.3,5.13,96,19,7.36,few clouds
258,Waingapu,ID,-9.6567,120.2641,78.85,81,54,2.59,broken clouds
259,San Carlos De Bariloche,AR,-41.1456,-71.3082,49.75,53,40,19.57,scattered clouds
260,Memmingen,DE,47.9837,10.1853,70.34,49,0,6.91,clear sky
261,Ilo,PE,-17.6394,-71.3375,65.26,77,75,9.22,broken clouds
262,Katsuura,JP,35.1333,140.3,68.18,75,77,21.07,broken clouds
263,Sao Joao Da Barra,BR,-21.6403,-41.0511,80.69,80,79,11.92,broken clouds
264,Yenagoa,NG,4.9247,6.2642,82.45,77,100,6.71,light rain
265,Port Hardy,CA,50.6996,-127.4199,48.2,100,75,2.3,broken clouds
266,Faanui,PF,-16.4833,-151.75,79.03,69,72,17.45,broken clouds
267,Tarasovskiy,RU,48.7292,40.3636,52.38,44,6,7.14,clear sky
268,Mahon,ES,39.8885,4.2658,73.96,73,75,5.75,broken clouds
269,Saint-Joseph,RE,-21.3667,55.6167,72.21,75,34,10.31,scattered clouds
270,Lavumisa,SZ,-27.31,31.892,78.12,51,100,5.23,overcast clouds
271,Kiruna,SE,67.8557,20.2251,40.12,87,90,12.66,overcast clouds
272,Hambantota,LK,6.1241,81.1185,73.74,100,40,4.61,light intensity shower rain
273,Guerrero Negro,MX,27.9769,-114.0611,69.73,80,0,3.87,clear sky
274,Kandrian,PG,-6.2167,149.55,76.87,90,100,7.56,overcast clouds
275,Pacific Grove,US,36.6177,-121.9166,69.28,71,1,3.44,clear sky
276,Kasongo-Lunda,CD,-6.4667,16.8167,87.35,49,76,5.84,broken clouds
277,Mbuji-Mayi,CD,-6.15,23.6,86.99,54,75,4.61,broken clouds
278,Mossendjo,CG,-2.9506,12.7261,78.31,70,97,4.99,overcast clouds
279,Florida,US,28.7505,-82.5001,86.09,68,1,1.99,clear sky
280,Divnogorsk,RU,55.9594,92.3619,37.89,89,100,9.15,overcast clouds
281,Namwala,ZM,-15.7504,26.4384,94.17,14,0,6.53,clear sky
282,Mweka,CD,-4.85,21.5667,86.81,44,38,4.16,scattered clouds
283,Japura,ID,-0.3167,102.35,73.71,98,100,1.7,overcast clouds
284,Ayorou,NE,14.7308,0.9174,101.64,17,22,5.93,few clouds
285,Wakkanai,JP,45.4094,141.6739,61.09,88,100,16.4,moderate rain
286,Daru,PG,-9.0763,143.2092,77.52,90,100,8.41,overcast clouds
287,Praia Da Vitoria,PT,38.7333,-27.0667,79.05,73,40,4.05,scattered clouds
288,Yulin,CN,22.6333,110.15,81.23,75,43,3.58,light rain
289,San Patricio,US,28.017,-97.5169,77.09,78,100,9.64,light rain
290,Hovd,MN,48.0056,91.6419,39.85,30,0,20.62,clear sky
291,Farakka,IN,24.8167,87.9,81.84,76,9,4.56,clear sky
292,Katherine,AU,-14.4667,132.2667,88.12,48,57,12.66,broken clouds
293,Inza,RU,53.8533,46.3586,47.25,83,80,2.91,broken clouds
294,Inhambane,MZ,-23.865,35.3833,76.98,69,20,5.75,few clouds
295,Bilibino,RU,68.0546,166.4372,-4.86,99,27,5.01,scattered clouds
296,Thinadhoo,MV,0.5333,72.9333,82.98,68,8,8.52,clear sky
297,Isangel,VU,-19.55,169.2667,77.11,78,100,6.91,overcast clouds
298,Manzanillo,CU,20.3433,-77.1167,85.84,59,7,9.98,clear sky
299,Frutal,BR,-20.0247,-48.9406,99.09,23,3,12.73,clear sky
300,Firminy,FR,45.3873,4.2907,71.62,46,0,14.97,clear sky
301,Alyangula,AU,-13.8483,136.4192,78.67,83,29,4.61,scattered clouds
302,Matara,LK,5.9485,80.5353,75.6,92,100,5.86,heavy intensity rain
303,Charters Towers,AU,-20.1,146.2667,67.51,86,48,2.98,scattered clouds
304,Poum,NC,-20.2333,164.0167,75.4,82,100,20.47,overcast clouds
305,Solnechnyy,RU,50.7214,136.6319,40.32,65,0,5.35,clear sky
306,Paamiut,GL,61.994,-49.6678,38.59,50,43,8.37,scattered clouds
307,Puri,IN,19.8,85.85,81.12,79,78,10.11,broken clouds
308,Mahebourg,MU,-20.4081,57.7,73.69,73,75,11.5,broken clouds
309,Leningradskiy,RU,69.3833,178.4167,20.71,95,100,6.82,overcast clouds
310,Shetpe,KZ,44.1667,52.1167,53.69,26,0,10.07,clear sky
311,Hastings,GB,50.8552,0.5729,64.71,67,80,15.64,broken clouds
312,Faya,SA,18.3851,42.4509,73.51,59,97,8.05,overcast clouds
313,Taga,RO,46.95,24.05,64.89,51,23,2.51,few clouds
314,Verkhnevilyuysk,RU,63.4453,120.3167,27.28,66,12,5.01,few clouds
315,Sovetskiy,RU,61.3614,63.5842,34.95,70,85,4.34,overcast clouds
316,Kudahuvadhoo,MV,2.6708,72.8944,83.08,71,100,9.75,overcast clouds
317,Half Moon Bay,US,37.4636,-122.4286,67.41,77,1,0.0,clear sky
318,Sao Geraldo Do Araguaia,BR,-6.4006,-48.555,95.0,38,46,4.83,scattered clouds
319,River Falls,US,44.8614,-92.6238,74.52,81,99,8.9,overcast clouds
320,Ostrovnoy,RU,68.0531,39.5131,44.29,82,100,3.91,overcast clouds
321,Tukrah,LY,32.5341,20.5791,74.41,60,17,20.11,few clouds
322,Huangnihe,CN,43.5583,128.0239,43.23,82,28,3.4,scattered clouds
323,The Colony,US,33.089,-96.8864,74.59,80,40,1.01,scattered clouds
324,Whitefish,US,48.4111,-114.3376,50.2,89,1,0.0,clear sky
325,Ondjiva,AO,-17.0667,15.7333,91.44,9,0,5.75,clear sky
326,Ondo,NG,7.1,4.8333,84.58,64,100,3.44,overcast clouds
327,Moerai,PF,-22.4333,-151.3333,75.36,79,0,13.4,light rain
328,Mitsamiouli,KM,-11.3847,43.2844,77.29,73,40,13.8,scattered clouds
329,Komsomolskiy,UZ,40.4272,71.7189,65.12,36,99,0.0,overcast clouds
330,Porosozero,RU,62.7191,32.727,42.49,89,89,4.18,overcast clouds
331,Kemijarvi,FI,66.7131,27.4306,44.22,79,100,8.46,overcast clouds
332,New Norfolk,AU,-42.7826,147.0587,55.92,79,100,1.99,moderate rain
333,Prince Rupert,CA,54.3161,-130.3201,49.69,80,90,17.27,moderate rain
334,Vandoeuvre-Les-Nancy,FR,48.65,6.1833,65.88,53,0,9.22,clear sky
335,Nuevo Progreso,MX,23.1667,-97.95,84.6,84,85,7.83,overcast clouds
336,Ponta Delgada,PT,37.7333,-25.6667,75.92,78,40,11.5,scattered clouds
337,Nueve De Julio,AR,-35.4444,-60.8831,68.72,40,0,7.43,clear sky
338,Kidal,ML,18.4411,1.4078,101.3,7,77,15.32,broken clouds
339,Sur,OM,22.5667,59.5289,86.11,68,100,0.63,overcast clouds
340,Esmeraldas,BR,-19.7625,-44.3139,89.91,29,1,7.9,clear sky
341,Moose Factory,CA,51.2585,-80.6094,48.2,93,90,5.75,light rain
342,Ust-Koksa,RU,50.2696,85.6108,29.01,93,99,3.36,overcast clouds
343,Saint-Marc-Des-Carrieres,CA,46.6834,-72.0491,56.8,66,96,8.05,overcast clouds
344,Yamada,JP,39.4667,141.95,61.38,92,100,14.36,overcast clouds
345,San Cristobal,VE,7.7669,-72.225,75.38,45,70,5.32,broken clouds
346,Riverton,US,40.5219,-111.9391,61.3,52,1,3.0,clear sky
347,Shimoda,JP,34.6667,138.95,66.11,84,29,5.77,scattered clouds
348,Port Keats,AU,-14.25,129.55,78.3,88,2,4.41,clear sky
349,Saskylakh,RU,71.9167,114.0833,16.74,97,88,3.27,overcast clouds
350,San Jose,US,37.3394,-121.895,67.35,56,20,3.44,smoke
351,Chifeng,CN,42.2683,118.9636,48.78,54,4,5.06,clear sky
352,Visby,SE,57.6409,18.296,57.85,54,0,17.27,clear sky
353,Fergus Falls,US,46.283,-96.0776,65.12,98,90,0.0,mist
354,Alta Floresta,BR,-9.8756,-56.0861,87.62,66,0,4.61,clear sky
355,Narsaq,GL,60.9167,-46.05,41.22,33,1,4.47,clear sky
356,Rijeka,HR,45.3431,14.4092,70.95,59,0,10.0,clear sky
357,Havre-Saint-Pierre,CA,50.2334,-63.5986,50.36,100,90,14.97,overcast clouds
358,Araouane,ML,18.9048,-3.5265,101.93,13,78,5.03,broken clouds
359,Kapoeta,SS,4.7717,33.5903,85.19,47,100,6.91,overcast clouds
360,Vilyuysk,RU,63.7553,121.6247,27.72,61,10,5.03,clear sky
361,Copiapo,CL,-27.3667,-70.3333,56.89,20,0,5.77,clear sky
362,Kodiak,US,57.79,-152.4072,42.31,75,90,9.22,overcast clouds
363,Shu,KZ,43.5983,73.7614,51.19,42,100,12.77,overcast clouds
364,Rocha,UY,-34.4833,-54.3333,65.84,70,6,15.97,clear sky
365,Enkoping,SE,59.6361,17.0777,55.94,85,100,14.36,overcast clouds
366,Qaqortoq,GL,60.7167,-46.0333,41.5,36,0,3.69,clear sky
367,Nome,US,64.5011,-165.4064,28.47,74,90,9.22,overcast clouds
368,Swan Hill,AU,-35.3378,143.5544,54.63,96,97,11.36,overcast clouds
369,San Jeronimo,PE,-11.9472,-75.2829,60.62,47,11,2.01,few clouds
370,Pisco,PE,-13.7,-76.2167,66.25,72,20,9.22,few clouds
371,Samdari,IN,25.8167,72.5833,91.11,48,94,6.55,overcast clouds
372,Karratha,AU,-20.7377,116.8463,74.32,63,2,22.5,clear sky
373,Alice Springs,AU,-23.7,133.8833,62.15,27,0,8.05,clear sky
374,Luau,AO,-10.7073,22.2247,85.55,36,52,3.2,light rain
375,Darhan,MN,49.4867,105.9228,45.32,52,100,2.53,overcast clouds
376,Flinders,AU,-34.5833,150.8552,58.28,87,39,1.01,scattered clouds
377,Buala,SB,-8.145,159.5921,79.66,80,98,2.75,overcast clouds
378,Kuala Terengganu,MY,5.3302,103.1408,80.55,74,40,5.75,thunderstorm
379,Sioux Lookout,CA,50.1001,-91.917,64.78,100,90,2.3,mist
380,Sfantu Gheorghe,RO,45.8667,25.7833,58.93,38,65,8.68,broken clouds
381,Labis,MY,2.385,103.021,74.75,96,100,5.59,moderate rain
382,Tual,ID,-5.6667,132.75,80.6,84,85,10.29,overcast clouds
383,Youghal,IE,51.95,-7.8506,57.09,74,42,14.9,scattered clouds
384,Cam Ranh,VN,11.9214,109.1591,80.56,89,20,3.44,few clouds
385,Ahipara,NZ,-35.1667,173.1667,48.09,87,51,2.28,broken clouds
386,Gao,ML,16.6362,1.637,103.37,8,16,11.18,few clouds
387,Vieux-Habitants,GP,16.0589,-61.7659,85.57,64,86,13.94,overcast clouds
388,Maningrida,AU,-12.0667,134.2667,77.58,80,82,4.09,broken clouds
389,Deputatskiy,RU,69.3,139.9,8.94,90,16,2.21,few clouds
390,Tefe,BR,-3.3542,-64.7114,86.11,66,40,2.73,scattered clouds
391,Zambezi,ZM,-13.5432,23.1047,88.07,25,79,7.65,broken clouds
392,Husavik,IS,66.0449,-17.3389,46.31,99,100,12.19,overcast clouds
393,La Ronge,CA,55.1001,-105.2842,55.65,44,75,4.61,broken clouds
394,Zyryanka,RU,65.75,150.85,29.86,71,100,6.2,overcast clouds
395,Corn Island,NI,12.1694,-83.0418,81.97,76,12,11.14,few clouds
396,Bati,ET,11.1833,40.0167,75.79,38,100,1.16,overcast clouds
397,Eganville,CA,45.5334,-77.0994,54.01,58,15,5.66,few clouds
398,Yulara,AU,-25.2406,130.9889,73.24,20,4,9.22,clear sky
399,Tilichiki,RU,60.4667,166.1,29.8,96,100,5.79,light snow
400,Taltal,CL,-25.4,-70.4833,64.54,63,1,6.71,clear sky
401,Luganville,VU,-15.5333,167.1667,75.34,91,100,8.66,moderate rain
402,Nizhyn,UA,51.048,31.8869,53.38,53,2,6.33,clear sky
403,Leander,US,30.5788,-97.8531,72.16,88,100,1.01,overcast clouds
404,Darnah,LY,32.767,22.6367,73.06,61,0,21.27,clear sky
405,Shellbrook,CA,53.2168,-106.4011,54.63,42,40,7.92,scattered clouds
406,Fairbanks,US,64.8378,-147.7164,32.22,84,90,4.61,overcast clouds
407,Neuquen,AR,-38.9516,-68.0591,62.49,29,0,12.66,clear sky
408,Dakoro,NE,14.5106,6.765,99.79,9,13,6.13,few clouds
409,Naryan-Mar,RU,67.6713,53.087,35.65,80,11,6.67,few clouds
410,Hualmay,PE,-11.0964,-77.6139,67.75,75,29,10.54,scattered clouds
411,Boa Vista,BR,2.8197,-60.6733,89.58,51,75,11.5,broken clouds
412,Frankfort,ZA,-27.2667,28.4833,63.79,65,94,13.29,overcast clouds
413,Sorong,ID,-0.8833,131.25,76.68,91,100,6.96,overcast clouds
414,Cascais,PT,38.6979,-9.4215,78.66,59,20,8.99,few clouds
415,Pokosnoye,RU,55.5258,101.0536,36.88,78,98,0.87,overcast clouds
416,Girua,BR,-28.0283,-54.3497,68.49,93,100,4.43,overcast clouds
417,Kargasok,RU,59.0556,80.8572,32.9,95,100,11.41,overcast clouds
418,Nong Han,TH,17.3608,103.1053,80.15,75,72,3.87,broken clouds
419,Hua Hin,TH,12.5707,99.9588,81.48,81,62,9.04,broken clouds
420,Talnakh,RU,69.4865,88.3972,24.75,94,98,1.61,overcast clouds
421,Farmington,US,36.7281,-108.2187,52.7,89,90,0.0,overcast clouds
422,Yerbogachen,RU,61.2767,108.0108,36.43,64,99,3.89,overcast clouds
423,Kushmurun,KZ,52.4503,64.6311,43.02,73,96,8.61,overcast clouds
424,Nova Olimpia,BR,-14.7972,-57.2881,102.99,25,1,6.46,clear sky
425,Aksarka,RU,66.5606,67.7975,34.75,81,100,15.1,overcast clouds
426,Viedma,AR,-40.8135,-62.9967,63.64,20,2,8.08,clear sky
427,Caravelas,BR,-17.7125,-39.2481,84.65,53,2,11.43,clear sky
428,Avera,US,33.194,-82.5271,80.11,65,84,6.26,broken clouds
429,Kindu,CD,-2.95,25.95,79.5,74,96,0.76,light rain
430,Vila Velha,BR,-20.3297,-40.2925,82.35,61,75,11.5,broken clouds
431,Orlik,RU,52.5178,99.825,36.25,98,100,2.91,light rain
432,Abha,SA,18.2164,42.5053,73.22,56,40,8.05,scattered clouds
433,Denpasar,ID,-8.65,115.2167,74.86,94,20,1.14,few clouds
434,Vuktyl,RU,63.8567,57.3094,34.47,74,98,6.24,overcast clouds
435,Qarqin,AF,37.4185,66.0436,73.87,27,0,22.37,clear sky
436,Liverpool,GB,53.4106,-2.9779,59.68,62,40,5.01,scattered clouds
437,Trelew,AR,-43.249,-65.3051,57.92,20,36,9.31,scattered clouds
438,Korla,CN,41.7597,86.1469,72.7,18,0,5.93,clear sky
439,Constitucion,CL,-35.3333,-72.4167,57.31,55,42,7.45,scattered clouds
440,Sabana Grande De Boya,DO,18.945,-69.7933,86.09,58,65,3.2,broken clouds
441,Urambo,TZ,-5.0667,32.05,90.75,19,90,5.26,overcast clouds
442,Abu Kamal,SY,34.4506,40.9171,89.46,20,0,7.76,clear sky
443,Sulya,IN,12.5667,75.3833,82.44,98,100,0.96,heavy intensity rain
444,Sinnamary,GF,5.3833,-52.95,86.81,59,58,8.93,broken clouds
445,Padang,ID,-0.9492,100.3543,75.25,80,100,3.13,overcast clouds
446,Vanimo,PG,-2.6741,141.3028,78.17,90,100,6.93,light rain
447,Alta,NO,69.9689,23.2717,47.46,66,75,3.0,broken clouds
448,Strezhevoy,RU,60.7333,77.5889,35.58,89,100,9.28,overcast clouds
449,Saint-Francois,FR,46.4154,3.9054,68.47,55,0,4.61,clear sky
450,Tessalit,ML,20.1986,1.0114,101.1,7,89,14.74,overcast clouds
451,Huangchuan,CN,32.1272,115.0394,76.93,66,90,3.6,light rain
452,Hlotse,LS,-28.8718,28.045,58.84,84,100,11.45,heavy intensity rain
453,Sausar,IN,21.65,78.7833,81.75,78,100,3.36,overcast clouds
454,Macas,EC,-2.3167,-78.1167,76.75,73,40,5.75,scattered clouds
455,Mujiayingzi,CN,42.1167,118.7833,49.14,52,19,5.91,few clouds
456,Williams Lake,CA,52.1415,-122.1445,40.57,90,20,6.91,few clouds
457,Iqaluit,CA,63.7506,-68.5145,31.73,80,40,2.3,scattered clouds
458,Magistralnyy,RU,56.1725,107.4458,28.17,83,27,1.03,scattered clouds
459,Nenjiang,CN,49.1833,125.2167,39.38,74,63,5.79,broken clouds
460,Vanavara,RU,60.34,102.2797,30.24,83,68,4.18,broken clouds
461,Yumen,CN,40.2833,97.2,67.08,16,63,6.26,broken clouds
462,Vao,NC,-22.6667,167.4833,70.75,90,100,22.64,overcast clouds
463,Broken Hill,AU,-31.95,141.4333,51.51,76,4,6.91,clear sky
464,Rio Grande,BR,-32.035,-52.0986,66.31,88,96,14.56,overcast clouds
465,Bloomington,US,44.8408,-93.2983,72.34,84,75,4.61,broken clouds
466,Tourlaville,FR,49.6383,-1.5664,63.19,72,75,17.27,broken clouds
467,Kaili,ID,-3.4626,120.2147,66.02,89,93,3.62,overcast clouds
468,Coihueco,CL,-36.6167,-71.8333,56.14,67,0,6.91,clear sky
469,Hartford,US,41.7668,-72.7662,64.62,66,40,1.01,scattered clouds
470,Salisbury,GB,51.0693,-1.7957,63.27,53,20,17.27,few clouds
471,Zarechnyy,RU,53.2036,45.1923,50.32,49,78,4.14,broken clouds
472,Simav,TR,39.0882,28.9777,65.14,30,0,12.37,clear sky
473,Antalaha,MG,-14.9003,50.2788,73.83,77,19,9.33,few clouds
474,Parabel,RU,58.6978,81.4825,33.94,98,100,10.4,light rain
475,Kaoma,ZM,-14.7833,24.8,95.18,15,85,4.5,overcast clouds
476,Emerald,AU,-23.5333,148.1667,66.34,55,96,8.05,overcast clouds
477,Coruripe,BR,-10.1256,-36.1756,82.89,68,24,15.03,few clouds
478,Anadyr,RU,64.75,177.4833,21.7,79,0,8.01,clear sky
479,Anloga,GH,5.7947,0.8973,84.42,74,60,12.64,broken clouds
480,Mandurah,AU,-32.55,115.7,53.22,72,72,17.4,broken clouds
481,Tiznit,MA,29.5833,-9.5,97.0,8,0,11.32,clear sky
482,Worland,US,44.0169,-107.9554,52.95,60,1,0.0,clear sky
483,Shingu,JP,33.7333,135.9833,66.63,78,0,8.14,clear sky
484,Kruisfontein,ZA,-34.0033,24.7314,59.88,77,19,10.51,few clouds
485,Sola,VU,-13.8833,167.55,79.86,76,99,19.35,moderate rain
486,Hereford,GB,52.0568,-2.7148,61.5,57,63,4.0,broken clouds
487,Marzuq,YE,14.4,46.4667,82.92,43,91,10.89,overcast clouds
488,Saint-Michel-Des-Saints,CA,46.6834,-73.9159,50.59,54,83,9.98,broken clouds
489,Torbay,CA,47.6666,-52.7314,63.88,98,90,8.05,fog
490,Zachary,US,30.6485,-91.1565,80.78,94,75,6.91,broken clouds
491,Ust-Barguzin,RU,53.45,108.9833,33.66,77,35,6.31,scattered clouds
492,Songea,TZ,-10.6833,35.65,81.75,31,18,7.2,few clouds
493,Dharmabad,IN,18.9,77.85,77.13,87,79,4.59,broken clouds
494,Tuatapere,NZ,-46.1333,167.6833,46.81,88,100,3.83,light rain
495,Hutchinson,US,38.0608,-97.9298,62.04,87,0,1.01,clear sky
496,Kenai,US,60.5544,-151.2583,41.14,69,1,8.05,clear sky
497,Ono,JP,34.85,134.9333,72.86,72,3,6.15,clear sky
498,Liberty,US,31.8335,-81.5004,84.52,80,25,5.99,scattered clouds
499,Westport,US,41.1415,-73.3579,65.35,67,1,1.01,clear sky
500,Villarrobledo,ES,39.2699,-2.6012,78.78,27,100,9.95,overcast clouds
501,Makakilo City,US,21.3469,-158.0858,75.52,78,75,4.61,broken clouds
502,Ginda,IN,30.6945,78.4932,62.17,93,16,2.91,few clouds
503,Celestun,MX,20.8667,-90.4,83.86,68,98,8.9,overcast clouds
504,Luderitz,NA,-26.6481,15.1594,62.13,70,0,19.1,clear sky
505,Gornoye Loo,RU,43.7129,39.6049,58.78,87,96,11.45,moderate rain
506,Iwanai,JP,42.9744,140.5089,60.15,96,100,4.56,overcast clouds
507,Kahului,US,20.8947,-156.47,75.22,80,1,12.66,clear sky
508,Lagoa,PT,39.05,-27.9833,71.46,84,77,12.21,broken clouds
509,Zharkovskiy,RU,55.849,32.2697,47.46,73,13,3.87,few clouds
510,Ryotsu,JP,38.0833,138.4333,68.63,88,96,10.07,overcast clouds
511,Dukstas,LT,55.5333,26.3333,53.1,69,58,6.29,broken clouds
512,Bay Roberts,CA,47.5999,-53.2648,64.65,96,100,1.01,overcast clouds
513,Savannakhet,LA,16.566,104.751,79.5,79,0,2.35,clear sky
514,Gresham,US,45.4982,-122.4315,53.47,96,90,0.0,mist
515,Sarny,UA,51.338,26.6019,54.18,52,65,4.99,broken clouds
516,Bac Lieu,VN,9.285,105.7244,81.32,83,95,7.4,overcast clouds
517,Tulum,MX,20.2167,-87.4667,86.05,64,37,6.11,scattered clouds
518,Vilhena,BR,-12.7406,-60.1458,93.67,33,0,5.82,clear sky
519,Jiuquan,CN,39.7432,98.5174,64.06,19,73,2.46,broken clouds
520,Olavarria,AR,-36.8927,-60.3225,65.01,51,29,8.95,scattered clouds
521,Wellin,BE,50.0813,5.1141,60.91,68,100,11.01,overcast clouds
522,Kaitong,CN,44.8135,123.15,44.78,50,4,8.39,clear sky
523,Umm Kaddadah,SD,13.6017,26.6876,95.63,12,2,7.38,clear sky
524,Acapulco,MX,16.8634,-99.8901,82.22,74,20,4.61,few clouds
525,Laguna,US,38.421,-121.4238,71.42,57,1,0.0,clear sky
526,Cuajinicuilapa,MX,16.4667,-98.4167,84.96,69,33,1.61,scattered clouds
527,Hov,NO,60.6987,10.3519,54.3,99,100,4.72,moderate rain
528,Acari,PE,-15.4311,-74.6158,76.87,49,15,10.94,few clouds
529,Evanston,US,42.0411,-87.6901,77.94,64,1,1.99,clear sky
530,Puerto Del Rosario,ES,28.5004,-13.8627,91.08,78,0,13.8,haze
531,Xining,CN,36.6167,101.7667,55.44,42,22,0.43,few clouds
532,Livingstone,ZM,-17.8419,25.8543,88.45,23,80,9.46,broken clouds
533,Manggar,ID,-2.8833,108.2667,76.5,82,100,1.14,overcast clouds
534,Rindal,NO,63.0565,9.2124,51.58,75,71,5.59,broken clouds
535,Namtsy,RU,62.7161,129.6658,26.71,68,100,3.85,overcast clouds
536,Portsmouth,GB,50.799,-1.0913,63.14,66,41,8.01,scattered clouds
537,Derzhavinsk,KZ,51.1,66.3167,41.32,78,100,13.49,overcast clouds
538,El Alto,PE,-4.2714,-81.2147,76.66,62,7,11.72,clear sky
539,Cuiluan,CN,47.72,128.648,35.13,77,4,2.24,clear sky
540,Pangai,TO,-19.8,-174.35,75.45,74,76,23.78,broken clouds
541,Simbahan,PH,6.3032,120.5836,84.11,67,78,2.59,broken clouds
542,Amilly,FR,47.9728,2.7719,63.54,76,100,12.77,light rain
543,Sibolga,ID,1.7427,98.7792,77.27,81,100,3.31,overcast clouds
544,Rangia,IN,26.4667,91.6333,82.35,83,14,5.03,few clouds
545,Los Llanos De Aridane,ES,28.6585,-17.9182,80.13,74,75,14.97,volcanic ash
546,College,US,64.8569,-147.8028,32.2,83,75,5.75,broken clouds
547,Trat,TH,12.5,102.5,83.91,93,99,2.35,light rain
548,Hanko,FI,59.8333,22.95,53.85,89,87,20.04,overcast clouds
549,Gimli,CA,50.6336,-96.9907,57.06,94,63,8.05,broken clouds
550,Richards Bay,ZA,-28.783,32.0377,76.86,57,100,10.13,overcast clouds
551,Aars,DK,56.804,9.5144,57.34,88,100,17.94,overcast clouds
552,Ostashkov,RU,57.1467,33.1075,43.83,80,48,4.27,scattered clouds
553,Pochutla,MX,15.7432,-96.4661,84.02,66,81,4.05,broken clouds
554,Henties Bay,NA,-22.116,14.2845,60.85,75,0,13.38,clear sky
555,Northam,GB,51.0333,-4.2167,60.42,67,11,13.09,few clouds
556,Tevaitoa,PF,-16.7833,-151.5,78.94,72,54,18.72,light rain
557,Aras,ES,42.5617,-2.356,72.01,71,0,3.44,clear sky
558,Bhuban,IN,20.8833,85.8333,78.33,90,72,2.8,broken clouds
559,Sao Filipe,CV,14.8961,-24.4956,79.52,73,69,4.05,broken clouds
560,Chai Badan,TH,15.2,101.1333,83.89,86,29,3.31,light rain
561,Necochea,AR,-38.5473,-58.7368,61.03,60,8,14.65,clear sky
562,Neman,RU,55.0311,22.0264,52.2,79,73,7.99,broken clouds
563,Severodvinsk,RU,64.5635,39.8302,46.51,84,100,0.85,overcast clouds
564,Nantucket,US,41.2835,-70.0995,64.51,60,1,9.22,clear sky
565,Port-Cartier,CA,50.0334,-66.8654,49.75,92,100,18.19,overcast clouds
566,Bunia,CD,1.5667,30.25,65.7,93,92,2.64,light rain
567,Wasilla,US,61.5814,-149.4394,36.84,78,1,0.0,light snow
568,Phalaborwa,ZA,-23.943,31.1411,79.88,43,45,5.64,scattered clouds
569,Ketchikan,US,55.3422,-131.6461,49.98,93,90,18.41,moderate rain
570,Hamilton,US,39.1834,-84.5333,72.75,60,75,1.01,broken clouds
571,Mahbubnagar,IN,16.7333,77.9833,75.43,88,30,5.21,scattered clouds
572,Nanakuli,US,21.3906,-158.1547,76.95,78,75,4.61,broken clouds
573,Sorland,NO,67.667,12.6934,53.67,79,100,26.84,overcast clouds
574,Aripuana,BR,-9.1667,-60.6333,98.74,33,78,4.52,broken clouds
575,Alofi,NU,-19.0595,-169.9187,73.29,83,75,10.36,broken clouds
576,Stepnyak,KZ,52.8339,70.7803,34.59,81,100,15.08,light rain
577,Chardara,KZ,41.2547,67.9692,54.68,33,1,15.97,clear sky
578,Seoul,KR,37.5683,126.9778,66.61,88,90,4.61,overcast clouds
579,Hongjiang,CN,27.11,109.9956,77.14,67,6,2.15,light rain
580,Nemuro,JP,43.3236,145.575,58.12,92,100,11.7,overcast clouds
581,Cangucu,BR,-31.395,-52.6756,64.24,81,99,8.7,overcast clouds
582,Truro,GB,50.2653,-5.0544,61.97,58,20,18.41,few clouds
583,Dakar,SN,14.6937,-17.4441,88.68,76,70,10.47,broken clouds
584,Somerset,US,40.5668,-74.5496,66.24,61,1,1.99,clear sky
585,Tabou,CI,4.423,-7.3528,80.94,75,64,8.05,broken clouds
586,Nizhniy Ufaley,RU,55.9153,59.9842,38.77,79,100,2.71,overcast clouds
587,Oranjestad,AW,12.524,-70.027,89.55,62,20,14.97,few clouds
588,Yar-Sale,RU,66.8333,70.8333,33.58,92,100,18.5,overcast clouds
589,Pontes E Lacerda,BR,-15.2261,-59.3353,100.65,27,1,7.99,clear sky
590,Velikiy Ustyug,RU,60.7644,46.3106,45.91,87,100,5.61,overcast clouds
591,Ternate,ID,0.8,127.4,81.34,80,100,4.54,overcast clouds
592,Salalah,OM,17.0151,54.0924,82.49,83,75,9.22,broken clouds
593,Kurtalan,TR,37.9272,41.7028,79.02,29,22,4.5,few clouds
594,Buta,CD,2.7858,24.73,74.05,96,100,1.74,overcast clouds
595,Ahmadpur,IN,18.7,76.9333,76.68,85,58,6.13,broken clouds
596,Yaounde,CM,3.8667,11.5167,80.13,69,75,4.61,broken clouds
597,Tikapur,NP,28.5,81.1333,77.27,88,99,3.29,overcast clouds
598,Kot Samaba,PK,28.5522,70.4684,91.51,47,92,8.57,overcast clouds
599,Rock Sound,BS,24.9,-76.2,82.35,69,99,17.67,overcast clouds
600,San Vicente,AR,-26.6167,-54.1333,63.9,98,100,3.18,overcast clouds
601,New Waterford,US,40.8451,-80.6145,64.65,70,4,1.99,clear sky
602,Biloela,AU,-24.4167,150.5,60.51,91,0,0.85,clear sky
603,Mabaruma,GY,8.2,-59.7833,89.6,58,40,13.8,scattered clouds
604,Mehamn,NO,71.0357,27.8492,48.38,61,75,19.57,broken clouds
605,Kouvola,FI,60.8667,26.7,48.24,95,90,5.75,overcast clouds
606,Ende,ID,-8.8432,121.6623,78.69,85,90,3.65,overcast clouds
607,Aswan,EG,24.0934,32.907,90.91,19,0,11.01,clear sky
608,Callaway,US,30.153,-85.5699,83.98,69,75,4.0,broken clouds
609,Camacha,PT,33.0833,-16.3333,74.16,64,20,13.8,few clouds
610,Yatou,CN,37.15,122.3833,63.57,92,34,6.58,light rain
611,Dicabisagan,PH,17.0818,122.4157,79.03,89,99,4.85,moderate rain
612,Burnie,AU,-41.0667,145.9167,54.41,93,98,8.9,overcast clouds
613,Yarmouth,US,41.7057,-70.2286,65.61,65,1,7.0,clear sky
614,Vypolzovo,RU,57.8767,33.6986,43.77,80,56,3.96,broken clouds
615,Baykit,RU,61.67,96.37,38.16,99,100,1.39,light rain
616,Vila,PT,42.0304,-8.1588,65.34,77,97,5.95,overcast clouds
617,Boffa,GN,10.1667,-14.0333,86.5,67,87,1.12,overcast clouds
618,Huilong,CN,31.8111,121.655,74.93,74,10,7.58,light rain
619,Pontarlier,FR,46.8333,6.25,67.82,73,72,8.03,broken clouds
620,Mogadishu,SO,2.0371,45.3438,78.49,82,18,14.32,few clouds
621,Oeiras,BR,-7.0253,-42.1311,96.31,29,91,2.82,overcast clouds
622,Umm Lajj,SA,25.0213,37.2685,82.4,68,0,7.38,clear sky
623,Launceston,AU,-41.45,147.1667,57.15,92,90,1.99,light intensity shower rain
624,Orsk,RU,51.2049,58.5668,47.3,53,0,11.18,clear sky
625,Humberto De Campos,BR,-2.5983,-43.4611,87.84,53,79,9.71,broken clouds
626,Ixtapa,MX,20.7,-105.2,81.23,89,75,4.61,broken clouds
627,Beloha,MG,-25.1667,45.05,77.45,55,0,7.2,clear sky
628,Correntina,BR,-13.3433,-44.6367,99.21,19,43,4.14,scattered clouds
629,Okuchi,JP,32.0667,130.6167,69.71,92,0,2.55,clear sky
630,Puerto Escondido,MX,15.85,-97.0667,84.76,70,64,4.05,broken clouds
631,Canandaigua,US,42.8742,-77.288,59.99,79,4,4.0,clear sky
632,Oksfjord,NO,70.2396,22.3479,49.12,77,64,8.81,broken clouds
633,Roma,US,43.2128,-75.4557,59.86,83,16,5.01,few clouds
634,Wagar,SD,16.1525,36.2032,100.24,18,64,1.86,broken clouds
635,Cumaral,CO,4.2708,-73.4867,83.01,65,82,5.41,broken clouds
636,Masuguru,TZ,-11.3667,38.4167,88.38,39,28,10.92,scattered clouds
637,Pumiao,CN,22.75,108.4833,81.0,80,8,3.71,light rain
638,Lianran,CN,24.9227,102.485,64.94,88,17,3.18,few clouds
639,Whitehorse,CA,60.7161,-135.0538,40.01,70,90,14.97,overcast clouds
640,Maua,BR,-23.6678,-46.4614,65.66,78,59,11.3,broken clouds
641,Vigrestad,NO,58.5667,5.7,57.99,90,100,23.11,overcast clouds
642,Okakarara,NA,-20.5833,17.4333,81.75,8,0,19.51,clear sky
643,Beysehir,TR,37.6773,31.7246,60.35,43,1,7.74,clear sky
644,Rawlins,US,41.7911,-107.2387,43.34,92,1,3.44,clear sky
645,Wawa,NG,9.9022,4.4192,84.58,71,97,1.79,light rain
646,Dingle,PH,10.9995,122.6711,75.87,94,100,4.56,overcast clouds
647,Cururupu,BR,-1.8283,-44.8683,87.31,57,71,7.34,broken clouds
648,Strand,ZA,-34.1069,18.8275,65.14,70,66,11.01,broken clouds
649,Brae,GB,60.3964,-1.353,49.91,78,81,23.94,broken clouds
650,Dawson Creek,CA,55.7666,-120.2362,46.04,61,1,18.41,clear sky
651,Walvis Bay,NA,-22.9575,14.5053,67.15,52,0,21.85,clear sky
652,Canico,PT,32.6333,-16.85,79.12,61,20,23.02,few clouds
653,Ciudad Bolivar,VE,8.1222,-63.5497,91.45,44,63,7.58,broken clouds
654,Naze,JP,28.3667,129.4833,76.32,74,9,12.93,clear sky
655,Aksha,RU,50.2814,113.2867,31.08,69,9,1.83,clear sky
656,Monduli,TZ,-3.3,36.45,73.17,41,62,10.65,broken clouds
657,Esil,KZ,51.9556,66.4042,40.21,81,98,12.17,overcast clouds
658,Tarauaca,BR,-8.1614,-70.7656,96.26,36,37,3.83,scattered clouds
659,Eyl,SO,7.9803,49.8164,79.56,77,48,22.06,scattered clouds
660,Matagami,CA,49.7502,-77.6328,51.91,76,1,3.44,clear sky
661,Giehun,SL,7.8833,-11.05,79.18,89,73,3.24,moderate rain
662,Boyolangu,ID,-8.1181,111.8935,72.66,90,99,1.32,overcast clouds
663,Machico,PT,32.7,-16.7667,79.12,61,20,23.02,few clouds
664,Namatanai,PG,-3.6667,152.4333,80.49,77,100,4.23,overcast clouds
665,Dhidhdhoo,MV,6.8833,73.1,81.45,76,100,12.39,light rain
666,Santiago Del Estero,AR,-27.7951,-64.2615,67.8,40,100,8.97,overcast clouds
667,Todos Santos,MX,23.45,-110.2167,84.0,79,0,2.24,clear sky
668,Kasama,ZM,-10.2129,31.1808,83.5,21,67,5.39,broken clouds
669,Altamirano,MX,16.8833,-92.15,71.91,53,26,3.62,scattered clouds
670,Novyy Urengoy,RU,66.0833,76.6333,31.15,92,100,19.82,light snow
671,Tanga,TZ,-5.0667,39.1,76.14,78,82,10.76,broken clouds
672,Coihaique,CL,-45.5752,-72.0662,45.21,65,90,5.75,overcast clouds
673,Ladario,BR,-19.0047,-57.6017,100.69,32,6,11.5,smoke
674,Nhulunbuy,AU,-12.2333,136.7667,77.61,83,100,5.75,overcast clouds
675,Skjervoy,NO,70.0311,20.9714,48.38,67,21,7.81,few clouds
676,Lotofaga,WS,-13.9764,-171.8578,71.38,78,44,24.18,light rain
677,Kropotkin,RU,45.4375,40.5756,51.71,50,100,17.87,light rain
678,Becerril,CO,9.7041,-73.2793,85.75,64,84,6.06,broken clouds
679,Butterworth,MY,5.3991,100.3638,82.44,86,40,1.99,scattered clouds
680,Tay Ninh,VN,11.3,106.1,77.97,91,100,4.14,overcast clouds
681,Yaan,NG,7.3833,8.5667,81.27,76,95,5.53,overcast clouds
682,Bantou,CN,26.2151,117.4893,72.75,69,0,1.57,light rain
683,Mount Isa,AU,-20.7333,139.5,71.37,24,16,3.44,few clouds
684,Tura,IN,25.5198,90.2201,76.03,87,61,1.59,broken clouds
685,Villiers,ZA,-27.0303,28.6006,62.33,69,65,9.46,broken clouds
686,Barcelos,PT,41.5388,-8.6151,75.92,72,100,7.87,overcast clouds
687,Marawi,PH,7.9986,124.2928,65.64,94,96,2.04,overcast clouds
688,Shakawe,BW,-18.3667,21.85,89.6,20,93,7.34,overcast clouds
689,Zemio,CF,5.0314,25.1361,76.21,82,99,5.03,light rain
690,Khorramshahr,IR,30.4397,48.1664,102.16,10,0,11.5,clear sky
691,Kawalu,ID,-7.3817,108.2082,70.25,93,100,1.41,overcast clouds
692,Kieta,PG,-6.2167,155.6333,77.81,80,94,2.68,overcast clouds
693,Nizwa,OM,22.9333,57.5333,92.21,29,89,2.8,overcast clouds
694,Lipin Bor,RU,60.2622,37.9763,44.42,80,45,3.09,scattered clouds
695,North Bend,US,43.4065,-124.2243,54.95,95,1,3.44,clear sky
696,Labuhan,ID,-6.8844,112.2051,79.52,70,100,8.28,overcast clouds
697,Conceicao Do Araguaia,BR,-8.2578,-49.2647,101.57,25,55,7.25,broken clouds
698,Sochi,RU,43.6,39.7303,59.09,85,83,16.84,heavy intensity rain
699,Kabare,CD,-2.4683,28.8242,66.97,82,84,3.22,light rain
700,Andrews,US,32.3187,-102.5457,64.65,94,90,6.91,overcast clouds
701,Tabas,IR,33.5959,56.9244,84.24,16,0,8.77,clear sky
702,Qiongshan,CN,20.0058,110.3542,76.98,94,0,2.24,clear sky
703,Suchil,MX,23.6333,-103.9167,67.39,65,91,3.36,overcast clouds
704,Angoche,MZ,-16.2325,39.9086,77.22,74,1,6.4,clear sky
705,Sisimiut,GL,66.9395,-53.6735,38.91,51,98,7.02,overcast clouds
706,Zhaotong,CN,27.3167,103.7167,62.28,91,31,5.35,scattered clouds
707,Mayo,US,38.8876,-76.5119,68.25,62,1,5.99,clear sky
708,Fort Nelson,CA,58.8053,-122.7002,33.39,100,90,4.61,fog
709,Dzilam Gonzalez,MX,21.2833,-88.9333,89.08,52,93,5.82,overcast clouds
710,Newport,GB,51.5877,-2.9984,62.29,61,31,14.5,scattered clouds
